id;mensaje;enviado_en;nivel_escalamiento;asignacion_id
1;upliftingly;2026-09-21T07:39:57;2;1
2;rule;2026-09-21T23:11:08;1;2
3;spirit stir-fry sometimes;2026-09-21T12:54:41;2;3
4;plain what;2026-09-21T16:18:21;2;4
5;hard-to-find molasses;2026-09-21T03:31:48;1;5
6;ew ugh;2026-09-22T02:01:02;1;6
7;following about consequently;2026-09-21T13:20:49;1;7
8;inasmuch;2026-09-21T10:07:50;1;8
9;corny unlucky;2026-09-21T14:00:43;1;9
10;worthless across pace;2026-09-21T08:45:03;2;10
11;flawless for;2026-09-21T11:11:30;1;11
12;supposing best;2026-09-21T16:26:02;1;12
13;pish all venom;2026-09-21T15:44:15;2;13
14;grimy cooperative;2026-09-21T10:29:07;2;14
15;wiggly whose opposite;2026-09-21T06:17:35;2;15
16;yippee powerfully;2026-09-21T14:53:22;1;16
17;hm from;2026-09-21T02:22:08;1;17
18;uselessly wherever;2026-09-21T02:26:23;2;18
19;slime hungrily;2026-09-21T05:09:14;2;19
20;save;2026-09-21T19:12:53;1;20
21;hmph;2026-09-21T13:54:43;2;21
22;sandbar phew clearly;2026-09-21T02:24:04;2;22
23;meh;2026-09-21T05:32:25;1;23
24;shyly;2026-09-21T10:10:49;1;24
25;exempt slap provided;2026-09-21T05:35:43;1;25
26;well-to-do yuck whoever;2026-09-21T22:43:42;2;26
27;so;2026-09-21T10:11:45;2;27
28;woot slump;2026-09-21T16:12:47;2;28
29;if smug um;2026-09-21T23:32:34;1;29
30;brilliant circa;2026-09-21T12:42:22;1;30
